item_id,title,price_jpy,orig_jpy,discount_pct,seller,premium_seller,badges,url
132619624,【セール】バレンシアガ☆IBIZA ミニ 2WAY かごバッグ☆742205,57123,155700,63.3,momochani,True,,https://www.buyma.com/item/132619624/
132443271,バレンシアガ ビストロ XS バスケットバッグ 671342 2IE2Y 1000,63299,189900,66.7,WIDESHOP,False,,https://www.buyma.com/item/132443271/
131960895,204Lシリーズ 男女兼用スニーカー/U204LMMA,13870,20000,30.6,setof,False,スピード配送|関税負担なし,https://www.buyma.com/item/131960895/
128742200,【セール】バレンシアガ☆Bistro XS デニム バッグ 671342 2109H,69201,245900,71.9,momochani,True,,https://www.buyma.com/item/128742200/
120842417,[ノースフェイス]BONNEY バケットバッグ ミニ★新作・25AW★男女,5480,8495,35.5,t-mazon,True,スピード配送|関税負担なし,https://www.buyma.com/item/120842417/
131740231,【セール】ロエベ☆PUZZLE EDGEコインカードホルダー C510Z40X20,44451,73400,39.4,momochani,True,,https://www.buyma.com/item/131740231/
99749005,追跡付★歯科医仕様 ホワイトニングジェル 35% 4本【Bright UP】,2890,6040,52.2,Penguins-foot,True,関税負担なし,https://www.buyma.com/item/99749005/
133345528,【THEAIRTOWN】ナポレオン ロイヤル ジップアップ 半袖 トップス,7700,13980,44.9,momoha  closet,True,関税負担なし,https://www.buyma.com/item/133345528/
97091352,NIKE【送料/関税込】大人気☆SHOX TL WMNS BLACK AND MAX ORANGE,17810,26730,33.4,miyoung.sp,True,関税負担なし,https://www.buyma.com/item/97091352/
103284897,1-3日着/追跡【即発】COMME des GARCONS メンズ カットソー,8800,,,ロバート・ダウニー,False,即発|スピード配送|関税負担なし,https://www.buyma.com/item/103284897/
116229361,ami paris Tシャツ BFUTS035.724 ハートロゴ,20780,28600,27.3,IMPORT SELECT musee,True,スピード配送|関税負担なし,https://www.buyma.com/item/116229361/
124169718,NIKE AIR MAX PHENOMENA W IM8814-001 ★送料込,16023,20130,20.4,miyoung.sp,True,関税負担なし,https://www.buyma.com/item/124169718/
106076859,【Thug Club】TC Basic T-shirt◆,12980,15900,18.4,momoha  closet,True,関税負担なし,https://www.buyma.com/item/106076859/
90661791,★関税送料込み★ Maison margiela 二つ折り財布 S56UI0140P4455,45515,64900,29.9,SMILE SHOP,False,スピード配送|関税負担なし,https://www.buyma.com/item/90661791/
127085662,ADIDAS Original Fleece Shoulder Bag★送料込,6439,9500,32.2,miyoung.sp,True,関税負担なし,https://www.buyma.com/item/127085662/
44386029,1-3日着/追跡【即発】COMME des GARCONS ハートロゴ カットソー,8800,,,ロバート・ダウニー,False,即発|スピード配送|関税負担なし,https://www.buyma.com/item/44386029/
130324004,【人気サイズ/直営店セール】CELINE ビクトワール mini ブラック,289150,455000,36.5,patochama,True,,https://www.buyma.com/item/130324004/
133130929,Salomon MM6 Maison Margiela サロモン MM6 バックパック XT-15,41075,52000,21.0,ellypop,True,関税負担なし,https://www.buyma.com/item/133130929/
117428767,[ノースフェイス]FIORD ミュール★新作・25SS★男女★人気★,6650,9000,26.1,t-mazon,True,関税負担なし,https://www.buyma.com/item/117428767/
112380868,【国内即発】MM6 ジャパニーズ メッシュクロスボディバッグ,42500,68200,37.7,euroshop,True,即発|スピード配送|関税負担なし,https://www.buyma.com/item/112380868/
94357408,Supreme★23SS WEEK 10 スモールボックスロゴ 半袖 Tシャツ,13980,,,sweet angelino,True,スピード配送|関税負担なし,https://www.buyma.com/item/94357408/
117310991,【送料無料】COMME des GARCONS ラインストーン ロゴ Tシャツ,11700,,,ロバート・ダウニー,False,関税負担なし,https://www.buyma.com/item/117310991/
131047677,関税送料込【Stone Island】スウェットシャツ L1S156100060,35730,64584,44.7,ODDPALM,False,関税負担なし,https://www.buyma.com/item/131047677/
117543838,NIKE【送料込】SHOX TL METALLIC HEMATITE,18035,26730,32.5,miyoung.sp,True,関税負担なし,https://www.buyma.com/item/117543838/
128406078,【Bottega Veneta】MINI CASSETTE BUCKET BAG,69102,198000,65.1,BuYama,True,,https://www.buyma.com/item/128406078/
129394549,TOMWOOD ブレスレット Cable Bracelet 100087,41372,59100,30.0,IMPORT SELECT musee,True,スピード配送|関税負担なし,https://www.buyma.com/item/129394549/
91921736,大人気【New Balance】327 Animal Pack アニマル柄★関税/送料込,15325,19980,23.3,BE CLASSY,True,関税負担なし,https://www.buyma.com/item/91921736/
131187686,SALE【本物保証】TOD'S クロスボディバッグ 送料込み ショルダー,86700,191400,54.7,Smartlondon,False,,https://www.buyma.com/item/131187686/
121990976,MARNI KIDS ハンドバッグ M01608 M00TK ショルダーバッグ,42372,55000,23.0,IMPORT SELECT musee,True,関税負担なし,https://www.buyma.com/item/121990976/
119616622,＊即発可能＊ CELINE ティーン ニノ バッグ / ブラック,395110,484000,18.4,PASSION4FASHION,True,即発|スピード配送|関税負担なし,https://www.buyma.com/item/119616622/
133214090,【セール】ロエベ☆パズルジップレザー二つ折り財布☆C510Z41X12,76131,123900,38.6,momochani,True,,https://www.buyma.com/item/133214090/
127512949,[ノースフェイス]ELECTRON スリングバッグ★新作・26SS★男女★,7910,11250,29.7,t-mazon,True,関税負担なし,https://www.buyma.com/item/127512949/
108756568,【Thug Club】Basic T-shirt◆　Ver.２　希少商品,14980,18000,16.8,momoha  closet,True,関税負担なし,https://www.buyma.com/item/108756568/
115277071,即発★【UGG】GoldenGlow Slide サンダル 厚底 ゴールデングロウ,11980,15400,22.2,Go Sakkura,True,即発|スピード配送|関税負担なし,https://www.buyma.com/item/115277071/
128651592,【POLENE】トートバッグ Cyme Tote Nano ロゴ,67320,76000,11.4,Lady Margot,False,,https://www.buyma.com/item/128651592/
132183379,☆特価セール☆ BOTTEGA VENETA ミニ ショルダーバッグ 送料込み,138501,237600,41.7,Smartlondon,False,,https://www.buyma.com/item/132183379/
117382065,【TOD'S】SALE !!! Tタイムレス 二つ折りレザー Compact wallet,42372,88000,51.8,BuYama,True,,https://www.buyma.com/item/117382065/
128013462,【Salomon】 Trailblazer 10 ★大人気★送料・関税込★,12495,,,Dew_Bliss,False,関税負担なし,https://www.buyma.com/item/128013462/
109948812,Bottega Veneta: Bifold Wallet: 二つ折りファスナーウォレット,59202,105600,43.9,BuYama,True,,https://www.buyma.com/item/109948812/
132602442,送料無料★アディダス オリジナルス  Top BLK TANK White & red,12030,,,HAPPY-KTKR,False,関税負担なし,https://www.buyma.com/item/132602442/
123659809,LONGCHAMP Epure Tote bag XS 10319 HYZ ショルダーバッグ,55000,72600,24.2,Ublanc,False,スピード配送|関税負担なし,https://www.buyma.com/item/123659809/
122824795,【PRADA】１点入荷☆ 二つ折り コンパクト財布  Bifold Wallet,54252,118000,54.0,BuYama,True,,https://www.buyma.com/item/122824795/
128232544,コンパクトでお洒落に♪【CHANEL】クラシックチェーンクラッチ,154440,169000,8.6,healing555,False,スピード配送|関税負担なし,https://www.buyma.com/item/128232544/
132645815,SATUR Loren Logo 半袖 Tシャツ ユニセックス,4600,6900,33.3,ChuMi,False,関税負担なし,https://www.buyma.com/item/132645815/
126762258,【COACH】Lana Shoulder Bag 19,55790,,,なにわのオカン,False,,https://www.buyma.com/item/126762258/
117653668,Stone Island ワンポイントロゴ Tシャツ,25723,33000,22.1,cak C,True,スピード配送|関税負担なし,https://www.buyma.com/item/117653668/
132483059,PRADA【入手困難】★ナッパレザー ポーチ★全色,193836,214500,9.6,MoonSwan,True,,https://www.buyma.com/item/132483059/
131362866,Nike カーム エレベーション ブラック HJ5601-002★送料込,7400,,,miyoung.sp,True,関税負担なし,https://www.buyma.com/item/131362866/
104528288,【国内即発】MM6 ナンバーロゴ コットンTシャツ,26100,36300,28.1,euroshop,True,即発|スピード配送|関税負担なし,https://www.buyma.com/item/104528288/
130994934,CELINE 新作　スモールホーボー　L10133Q71,257202,352000,26.9,Sisi D'Agata,False,,https://www.buyma.com/item/130994934/
130395475,【ADIDAS ORIGINALS】◆ニット クロシェ カリ ティー◆正規品◆,7500,,,K_PUPU,False,関税負担なし,https://www.buyma.com/item/130395475/
126017547,【MiuMiu】SALE!! 5ML024 マトラッセ Compact Wallet ミニ財布,59202,128000,53.7,BuYama,True,,https://www.buyma.com/item/126017547/
132241853,MM6  ショルダーバッグ Numeric ニューメリック SB6WG0026 P9062,49400,59400,16.8,IMPORT SELECT musee,True,スピード配送|関税負担なし,https://www.buyma.com/item/132241853/
132180743,【特価セール】LOEWE PUZZLE FOLD TOTE MINI BAG ショッパー付,186600,291000,35.9,Smartlondon,False,,https://www.buyma.com/item/132180743/
96581641,ADIDAS【関税/送料込】大人気☆Gazelle Indoor Bliss Pink,6807,16500,58.7,miyoung.sp,True,関税負担なし,https://www.buyma.com/item/96581641/
80866105,CELINE ホーボーバッグ SMALL SEAU SANGLE 189303AH4,159800,343200,53.4,IMPORT SELECT musee,True,スピード配送|関税負担なし,https://www.buyma.com/item/80866105/
132740194,国内★大人もOK!ラルフ Big Pony コットン ジャージー Tシャツ,11088,12800,13.4,celeb style,False,関税負担なし,https://www.buyma.com/item/132740194/
131050970,韓国大人気【OOFOS】 Oomega 足にやさしい厚底スリッパ/1410,9000,17000,47.1,setof,False,スピード配送|関税負担なし,https://www.buyma.com/item/131050970/
131462044,国内直営店買付【CELINE】ミニトリオンフ ネックレス ゴールド,86900,,,Vantia,False,関税負担なし,https://www.buyma.com/item/131462044/
129731009,Maison Margiela ショルダーバッグ メンズ チェーンウォレット,98802,135300,27.0,JACK IN,True,スピード配送|関税負担なし,https://www.buyma.com/item/129731009/
67744856,大容量116g 2本 コルゲート [Colgate] ハイインパクト 歯磨き粉,2980,,,Penguins-foot,True,関税負担なし,https://www.buyma.com/item/67744856/
96894878,即お届 Telfar テルファースモール ショッピングバッグ ブラック,25721,29980,14.2,LAFASHION,True,スピード配送|関税負担なし,https://www.buyma.com/item/96894878/
132054714,2026 新型 New ♡選べるLongchamp*LE PLIAGE ONE*手提げ*S,25851,,,tamiri,False,関税負担なし,https://www.buyma.com/item/132054714/
107898628,GIVENCHY★ジルコニア・ブレスレット,16480,,,dots,True,関税負担なし,https://www.buyma.com/item/107898628/
126405533,【関税込み】Y-3 ブラック スモール バックパック,40010,48500,17.5,MTRL,False,スピード配送|関税負担なし,https://www.buyma.com/item/126405533/
97749097,大人気*すぐ届く*LONGCHAMP LePliage Green*ハンドル付 ポーチ,25381,,,tamiri,False,スピード配送|関税負担なし,https://www.buyma.com/item/97749097/
132330480,【MiuMiu】SALE!! 数量限定 5MC093 SOFTY LOGO CARD CASE,44352,88000,49.6,BuYama,True,,https://www.buyma.com/item/132330480/
105817790,UGG【送料込】 GoldenGlow☆ゴールデングロウ*サンダル,14157,17600,19.6,miyoung.sp,True,関税負担なし,https://www.buyma.com/item/105817790/
29224009,送料無料 Crest クレスト 3Dホワイト ストリップス 20日分箱付き,5970,,,beauty-smile,True,関税負担なし,https://www.buyma.com/item/29224009/
131534800,【Supreme】Hard T-Shirt,16485,19900,17.2,momoha  closet,True,関税負担なし,https://www.buyma.com/item/131534800/
131489758,ami paris 半袖 Tシャツ Ami De Coeur FTS347 724 ハート ロゴ,22780,28600,20.3,IMPORT SELECT musee,True,スピード配送|関税負担なし,https://www.buyma.com/item/131489758/
105538899,SAINT LAURENT ブレスレット 712345 Y1526 カサンドラロゴ,52800,66000,20.0,IMPORT SELECT musee,True,スピード配送|関税負担なし,https://www.buyma.com/item/105538899/
125877391,◆CASIO◆ MTPB185D2A2VDF 5008359905,14553,,,Nunssop39.,False,関税負担なし,https://www.buyma.com/item/125877391/
120535942,最短翌日お届け LOEWE バッグ クロスボディ カメラバッグ ミニ,177883,181500,2.0,JACK IN,True,スピード配送|関税負担なし,https://www.buyma.com/item/120535942/
133463069,adidas★日本代表 26 アウェイ レプリカユニフォーム レディース,18300,18500,1.1,Sharlottechan,False,関税負担なし,https://www.buyma.com/item/133463069/
126615646,【セール】バレンシアガ☆Ibiza 2WAYスモールかごバッグ☆695612,67617,188800,64.2,momochani,True,,https://www.buyma.com/item/126615646/
103215138,ADIDAS【送料込】SAMBA OG W * IE5836,8164,15950,48.8,miyoung.sp,True,関税負担なし,https://www.buyma.com/item/103215138/
99749061,追跡付★歯科医仕様 ホワイトニングジェル 22% 4本【Bright UP】,2890,6040,52.2,Penguins-foot,True,関税負担なし,https://www.buyma.com/item/99749061/
130052401,【セール】バレンシアガ☆チャンキー スライド サンダル☆654315,39006,82100,52.5,momochani,True,,https://www.buyma.com/item/130052401/
133356280,26SS新作★【シャネル】キーリング付 ストラップ クラッチバッグ,645200,,,Darling Avenue,False,関税負担なし,https://www.buyma.com/item/133356280/
132693164,送料関税込☆CELINE シャープポーチ スムースラムスキン☆超人気,123750,143000,13.5,Collabo Korea,False,関税負担なし,https://www.buyma.com/item/132693164/
81421453,★入手困難★【HERMES】 Chaine d‘Andre Enchainee リング PM,97900,110000,11.0,グロリア HK,True,,https://www.buyma.com/item/81421453/
90884247,【PRADA】VIPセール♪ ナイロンxサファイアーノ 二つ折り財布♪,61182,98600,37.9,BuYama,True,,https://www.buyma.com/item/90884247/
131168791,[ノースフェイス]FABLE POCKET 半袖 Tシャツ★新作・26SS★男女,6190,7600,18.6,t-mazon,True,関税負担なし,https://www.buyma.com/item/131168791/
123021734,CHANEL コインケース MATELASSE AP4893 B10583 ココマーク,189800,,,IMPORT SELECT musee,True,スピード配送|関税負担なし,https://www.buyma.com/item/123021734/
130789008,ami paris 半袖 Tシャツ AMI DE COEUR HTS346 724,21780,28600,23.8,IMPORT SELECT musee,True,スピード配送|関税負担なし,https://www.buyma.com/item/130789008/
131865779,[アロー]Alo Yoga Iconic Shopper トートバッグ★新作★人気★,10147,11900,14.7,WEFLYMARKET,False,関税負担なし,https://www.buyma.com/item/131865779/
133363141,☆大特価☆【TOD'S直営店】T Timeless ミニ ショッピングバッグ,153252,374600,59.1,Smartlondon,False,,https://www.buyma.com/item/133363141/
133106412,TIFFANY&Co. ティファニーT ダイヤモンド ワイヤー リング 指輪,235323,237700,1.0,RIBERO BUYMA店,False,関税負担なし,https://www.buyma.com/item/133106412/
132032609,COMME des GARCONSドット＆カモフラージュプリント半袖,12800,,,honeybee's,False,関税負担なし,https://www.buyma.com/item/132032609/
130663066,MARNI kids 半袖,10100,18700,46.0,ま、り、,True,スピード配送|関税負担なし,https://www.buyma.com/item/130663066/
119602149,【PRADA】大人気！ Bifold Wallet 二つ折り財布 Triangle Logo,59202,108000,45.2,BuYama,True,,https://www.buyma.com/item/119602149/
131694608,Nike CALM 2.0 SLIDES TF6D1425,8200,,,ドットちょび,True,関税負担なし,https://www.buyma.com/item/131694608/
132241838,MM6 ショルダーバッグ Numeric ニューメリック SB6WG0024 P9062,54900,64900,15.4,IMPORT SELECT musee,True,スピード配送|関税負担なし,https://www.buyma.com/item/132241838/
125708630,[ノースフェイス]STANDARD MAX バックパック★新作・26SS★(29L),10800,20350,46.9,t-mazon,True,関税負担なし,https://www.buyma.com/item/125708630/
132996416,Adidas Adifom Megajane KH7889★送料込,11164,12900,13.5,miyoung.sp,True,関税負担なし,https://www.buyma.com/item/132996416/
131566872,SALE!! Tiffany Tロゴ ティファニー ミニウォレット,33462,87400,61.7,Oh2t,False,,https://www.buyma.com/item/131566872/
131666104,★Asics★ GEL-TRUCK 厚底スニーカー ダッドシューズ 韓国風,15543,18000,13.6,ShijiHub,False,関税負担なし,https://www.buyma.com/item/131666104/
81687132,【HERMES】 Farandola ブレスレット 《ファランドール》,119000,139700,14.8,グロリア HK,True,,https://www.buyma.com/item/81687132/
131316285,LOEWE スクエア コインカードホルダー キーリング付き ブラック,69800,,,JACK IN,True,スピード配送|関税負担なし,https://www.buyma.com/item/131316285/
119725509,1-3日着【即発】コムデギャルソン 1986 CDG カットソー Tシャツ,10600,,,TOKYO SEO,False,即発|関税負担なし,https://www.buyma.com/item/119725509/
120316933,Melissa×Diesel(ディーゼル)コラボ 追跡付/送料込 厚底サンダル,26500,33000,19.7,kcsiketani,True,,https://www.buyma.com/item/120316933/
132336412,【MaisonMargiela】SA3UI0012P4806T2003  Compact Wallet,35442,82000,56.8,BuYama,True,,https://www.buyma.com/item/132336412/
130234519,∞∞ LOEWE ∞∞ Small leather-trimmed バスケットバッグ ☆,68607,81400,15.7,katieee,True,関税負担なし,https://www.buyma.com/item/130234519/
106480303,【国内即発】MAISON KITSUNE パッチ レギュラー Tシャツ,12900,18700,31.0,euroshop,True,即発|スピード配送|関税負担なし,https://www.buyma.com/item/106480303/
120502234,AMIRI MAロゴ トラッカー キャップ メッシュ 帽子,48510,70400,31.1,クランジュ,True,スピード配送|関税負担なし,https://www.buyma.com/item/120502234/
132994342,入手困難な人気モデル♪【CHANEL】3連リング　指輪,147000,150000,2.0,Noel Maison,False,,https://www.buyma.com/item/132994342/
131192778,LOEWE☆キャンバスとレザーポーチ,135900,,,Le Pompon,True,,https://www.buyma.com/item/131192778/
131932504,☆直営店セール☆【CELINE】SMALL CABAS トートバッグ 送料込み,169500,291000,41.8,Smartlondon,False,,https://www.buyma.com/item/131932504/
117870571,FRED PERRY Tシャツ M3519 Ringer T-Shirt,7040,8800,20.0,IMPORT SELECT musee,True,スピード配送|関税負担なし,https://www.buyma.com/item/117870571/
99214196,MM6 Japanese クロスボディ ハンド バッグ SB6WD0026 P4313,46332,74800,38.1,chan34,True,スピード配送|関税負担なし,https://www.buyma.com/item/99214196/
122874573,MARNI KIDS トートバッグ M01610 M00TJ ナイロン,32472,44000,26.2,IMPORT SELECT musee,True,関税負担なし,https://www.buyma.com/item/122874573/
129734125,Saint Laurent★関税込 男女OK スクエアメガネフレーム 上品,17960,43000,58.2,アクセスショップ,False,関税負担なし,https://www.buyma.com/item/129734125/
131029541,MAISON MARGIELA 二つ折り財布 S56UI0140 P4455 レザー,61600,83600,26.3,IMPORT SELECT musee,True,スピード配送|関税負担なし,https://www.buyma.com/item/131029541/
118421722,★送料関税込★Maison Margiela メゾンマルジェラ 三つ折り財布,41233,61600,33.1,K-Lux,False,関税負担なし,https://www.buyma.com/item/118421722/
121208078,[ラルフローレン] パックTシャツ スリムフィット 3枚セット,15400,,,Starkrade,True,,https://www.buyma.com/item/121208078/
110888739,"【as""on】BONITA MINI BAG◆",12990,,,momoha  closet,True,関税負担なし,https://www.buyma.com/item/110888739/
124196629,【New Balance】204L Suede Mushroom Arid Stone  ★正規品★,13414,16730,19.8,miyoung.sp,True,関税負担なし,https://www.buyma.com/item/124196629/
129303645,【直営店セール】BALENCIAGA バックロゴ オーバーサイズTシャツ,65410,143000,54.3,patochama,True,,https://www.buyma.com/item/129303645/
125879375,CHROME HEARTS★スモール CHクロス シリコン ネックレス,88400,,,sweet angelino,True,スピード配送|関税負担なし,https://www.buyma.com/item/125879375/
127815040,A.P.C NINON チェーン ショルダーバッグ PUAAT F61877 LZZ,16731,50600,66.9,STELLASTORE,False,関税負担なし,https://www.buyma.com/item/127815040/
128247147,BALENCIAGA ショルダーバッグ CRUSH TOTE M 742941 210IT,199900,359700,44.4,IMPORT SELECT musee,True,スピード配送|関税負担なし,https://www.buyma.com/item/128247147/
131329503,【直営店買付】MIUMIU ロゴ ミニ ショルダーバッグ,116820,224600,48.0,Oh2t,False,,https://www.buyma.com/item/131329503/
127390655,MM6 Maison Margiela Numeric リング SM6UQ0059 P6469 指輪,18500,29700,37.7,wing earth,True,スピード配送|関税負担なし,https://www.buyma.com/item/127390655/
132634279,MARNI KIDS 大人もOK ハンドバッグ M01829 M00WS ナイロン,27460,44000,37.6,LaG,False,スピード配送|関税負担なし,https://www.buyma.com/item/132634279/
83200842,【PRADA】VIPセール Zip Compact Wallet ジップコンパクト財布♪,74800,143400,47.8,BuYama,True,,https://www.buyma.com/item/83200842/
130540242,MAX MARA BEACHWEAR フラットサンダル CAUCASO コーカソ,29800,64900,54.1,IMPORT SELECT musee,True,スピード配送|関税負担なし,https://www.buyma.com/item/130540242/
116623388,国内即発☆TATRAS（タトラス）半袖 Tシャツ,22800,26400,13.6,Dell-shop,False,即発|関税負担なし,https://www.buyma.com/item/116623388/
119690759,★aeae★DOT SMALL LETTER TEE★,4479,6900,35.1,WEFLYMARKET,False,関税負担なし,https://www.buyma.com/item/119690759/
47225277,【送料無料】COMME des GARCONS メンズ ハートロゴ カットソー,10970,,,ロバート・ダウニー,False,関税負担なし,https://www.buyma.com/item/47225277/
107065345,【即発】Matin Kim Tシャツ LOGO CROP TOP クロップド丈,4980,,,アメ　ビューティ,True,即発|関税負担なし,https://www.buyma.com/item/107065345/
130954443,★MUCENT★ラウンドネック 半袖 Ｔシャツ,3450,7980,56.8,shushu326,True,関税負担なし,https://www.buyma.com/item/130954443/
105354056,★Nike★大人気★W AIR MAX ISLA 厚底サンダル★追跡可,9298,14522,36.0,La Risata,False,関税負担なし,https://www.buyma.com/item/105354056/
110250966,【入手困難】エルメス シェーヌダンクル アンシェネ リング PM,94800,110000,13.8,Lemia HK,False,,https://www.buyma.com/item/110250966/
97184548,TODS ショルダーバッグ  T TIMELESS Tタイムレス,163600,193600,15.5,IMPORT SELECT musee,True,スピード配送|関税負担なし,https://www.buyma.com/item/97184548/
120572709,ADIDAS ADIFOM STAN SLIDES★送料込,6941,8800,21.1,miyoung.sp,True,関税負担なし,https://www.buyma.com/item/120572709/
133350490,"【送料,関税込】Tiffany & Co メガネ TF2273D アジアンフィット",34353,50710,32.3,go826,False,関税負担なし,https://www.buyma.com/item/133350490/
116579936,【セール】ミュウミュウ☆ロゴ刺しゅう ミニ巾着バック☆5ND016,98604,170300,42.1,momochani,True,,https://www.buyma.com/item/116579936/
120963252,BOTTEGA VENETA : サンダル Slider Sandal Rubber Carpet,16632,68000,75.5,BuYama,True,関税負担なし,https://www.buyma.com/item/120963252/
132125984,【直営店買付】 PRADA 厚底サンダル,64350,151200,57.4,Oh2t,False,,https://www.buyma.com/item/132125984/
129050273,直営店買付 CELINE  コンパクトウォレット トリオンフキャンバス,67320,106800,37.0,Oh2t,False,,https://www.buyma.com/item/129050273/
113969203,【国内即発】FERRAGAMO ガンチーニ ネックレス,27400,37400,26.7,euroshop,True,即発|スピード配送|関税負担なし,https://www.buyma.com/item/113969203/
127285284,【CELINE】セリーヌ　マイクロティリー　バッグ ★関税込★,175000,,,Melrose SEOUL,False,関税負担なし,https://www.buyma.com/item/127285284/
117402755,[ノースフェイス] FIORD ミュール ★新作・25SS★人気★男女★,7100,9600,26.0,t-mazon,True,関税負担なし,https://www.buyma.com/item/117402755/
131612441,CELINE トリオンフ ベースボールキャップ / コットン,85096,88000,3.3,Soulful Dress,True,,https://www.buyma.com/item/131612441/
106648608,Yeezy X Gap Engineered By Balenciaga Dove No Seam T-Shirt,13575,13980,2.9,momoha  closet,True,関税負担なし,https://www.buyma.com/item/106648608/
112257999,NIKE【送料込】Kill Shot 2 Leather Premium M,8790,15385,42.9,miyoung.sp,True,関税負担なし,https://www.buyma.com/item/112257999/
127220667,Bottega Veneta: Cassette Tri-Fold Zip Wallet 三つ折り財布,69800,112000,37.7,BuYama,True,,https://www.buyma.com/item/127220667/
132238626,関税送料込国内発送★CELINE シャープポーチ スムースラムスキン,108405,144300,24.9,コンシェルジュレイ,True,国内発送|関税負担なし,https://www.buyma.com/item/132238626/
131374665,関税送料込国内発送★LOEWE パズルエッジバッグミニソフト,295020,397100,25.7,コンシェルジュレイ,True,国内発送|スピード配送|関税負担なし,https://www.buyma.com/item/131374665/
129247954,【THEAIRTOWN】ウエストバンド コットン セミ ワイド パンツ,6785,6980,2.8,momoha  closet,True,関税負担なし,https://www.buyma.com/item/129247954/
28507687,箱付 クレスト3Dホワイトストリップ Crest 3D 40枚（20回分）,5980,,,red balloon,True,関税負担なし,https://www.buyma.com/item/28507687/
59956287,新作★vivienne westwood★MINI BAS RELIEF パールチョーカー,34452,51700,33.4,ヨークガーデン,True,,https://www.buyma.com/item/59956287/
113144312,関税込み♪【TRUE RELIGION】RICKY SUPER T★ストレートジーンズ,39495,,,Premium 7,True,関税負担なし,https://www.buyma.com/item/113144312/
129955952,【adidas】Adilenium 5.0 Deconstructed Denim Pants,37980,45000,15.6,momoha  closet,True,関税負担なし,https://www.buyma.com/item/129955952/
121437084,♦PRADA♦Re-Edition 1995 チェーン ミニバッグ☆,220562,297000,25.7,Seoul Luxury,False,関税負担なし,https://www.buyma.com/item/121437084/
129920417,【セール】ミュウミュウ☆レザーバケットバッグショルダー5BE099,171072,330800,48.3,momochani,True,,https://www.buyma.com/item/129920417/
131746076,PRADA ダイアグラム レザーショルダーバッグ ブラック 1BH083,97020,98000,1.0,12Avenue,True,,https://www.buyma.com/item/131746076/
84742831,【VARZAR BEST】スタッドロゴオーバーフィットボールキャップ,3530,4500,21.6,VARZAR,False,関税負担なし,https://www.buyma.com/item/84742831/
118608873,【Bottega Veneta】SALE!!! 数量限定 CASSETTE Sholder Bag,88000,248000,64.5,BuYama,True,,https://www.buyma.com/item/118608873/
