item_id,title,brand,price_jpy,orig_jpy,discount_pct,seller,premium_seller,badges,url
100303676,★Mind Bridge★Zip-Up Cardigan★ジップアップカーディガン★,Mind Bridge,14220,,,YoungTree,True,関税負担なし,https://www.buyma.com/item/100303676/
133104244,レザートートバッグ,Mind Bridge,12426,,,glo'co,False,関税負担なし,https://www.buyma.com/item/133104244/
130760089,Mind Bridge COMFY Wool Blend Cable Hooded Zip-Up Semi-Oversi,Mind Bridge,11050,,,bbool_shop,False,関税負担なし,https://www.buyma.com/item/130760089/
130758532,Mind Bridge Leather square tote bag MZBG0002,Mind Bridge,15820,,,bbool_shop,False,関税負担なし,https://www.buyma.com/item/130758532/
130758367,Mind Bridge Hooded Lightweight Semi-Oversized Windbreaker 3,Mind Bridge,6620,,,bbool_shop,False,関税負担なし,https://www.buyma.com/item/130758367/
121435470,★Mind Bridge★LEATHER HOBO CROSS BAG★レザークロスバッグ★,Mind Bridge,15680,,,YoungTree,True,関税負担なし,https://www.buyma.com/item/121435470/
130764849,Mind Bridge ON Check Oversized Long Sleeve Shirt 3 Colors MZ,Mind Bridge,5500,,,bbool_shop,False,関税負担なし,https://www.buyma.com/item/130764849/
130764819,Mind Bridge Air Cool Linen-Like Semi-Overfit Shirt 5 Colors,Mind Bridge,6620,,,bbool_shop,False,関税負担なし,https://www.buyma.com/item/130764819/
130764733,Mind Bridge 100% Cotton Oxford Oversized Shirt 2 Colors M1WS,Mind Bridge,7890,,,bbool_shop,False,関税負担なし,https://www.buyma.com/item/130764733/
130764500,"Mind Bridge Semi-oversized shirt, 2 colors MZWS6103",Mind Bridge,5160,,,bbool_shop,False,関税負担なし,https://www.buyma.com/item/130764500/
130764470,Mind Bridge All Day Cool Linen-Like Pullover Semi-Overfit Sh,Mind Bridge,7760,,,bbool_shop,False,関税負担なし,https://www.buyma.com/item/130764470/
130764285,Mind Bridge COUTURE Crease 50-count Light Blue Striped Overs,Mind Bridge,10000,,,bbool_shop,False,関税負担なし,https://www.buyma.com/item/130764285/
130764272,Mind Bridge Seersucker Check Oversized Pocket Brown Short Sl,Mind Bridge,8810,,,bbool_shop,False,関税負担なし,https://www.buyma.com/item/130764272/
130763785,Mind Bridge Waffle Henley Neck Daily Short Sleeve T-shirt 2,Mind Bridge,4940,,,bbool_shop,False,関税負担なし,https://www.buyma.com/item/130763785/
130763778,Mind Bridge ON Multi Stripe Crop Short Sleeve T-shirt 2 Colo,Mind Bridge,4600,,,bbool_shop,False,関税負担なし,https://www.buyma.com/item/130763778/
130763769,Mind Bridge UNS Air Cool Graphic Semi Oversized Short Sleeve,Mind Bridge,6620,,,bbool_shop,False,関税負担なし,https://www.buyma.com/item/130763769/
130763679,Mind Bridge Collins Supima Back Point Semi-Oversized T-shirt,Mind Bridge,4720,,,bbool_shop,False,関税負担なし,https://www.buyma.com/item/130763679/
130763669,Mind Bridge High-density pure cotton basic short-sleeve t-sh,Mind Bridge,3390,,,bbool_shop,False,関税負担なし,https://www.buyma.com/item/130763669/
130763653,Mind Bridge Green Multi-Stripe Semi-Oversized Short-Sleeve T,Mind Bridge,5610,,,bbool_shop,False,関税負担なし,https://www.buyma.com/item/130763653/
130763633,Mind Bridge Linen-like Collared Short Sleeve Knit 4 Colors M,Mind Bridge,7180,,,bbool_shop,False,関税負担なし,https://www.buyma.com/item/130763633/
130763581,Mind Bridge Do Good Sorona Cool Touch Graphic T-shirt 2 colo,Mind Bridge,3820,,,bbool_shop,False,関税負担なし,https://www.buyma.com/item/130763581/
130763574,Mind Bridge Collins Supima Lettering Back Point Semi-Oversiz,Mind Bridge,5500,,,bbool_shop,False,関税負担なし,https://www.buyma.com/item/130763574/
130763436,Mind Bridge Collin Schoolpin Striped Oversized T-shirt 2 col,Mind Bridge,5500,,,bbool_shop,False,関税負担なし,https://www.buyma.com/item/130763436/
130762608,Mind Bridge ON Linen Blend Wide Single-Pleat Full Elastic Wa,Mind Bridge,5610,,,bbool_shop,False,関税負担なし,https://www.buyma.com/item/130762608/
130762533,Mind Bridge Air Cool One Tuck Relax Fit Seersucker Airhole F,Mind Bridge,10000,,,bbool_shop,False,関税負担なし,https://www.buyma.com/item/130762533/
130762357,Mind Bridge All Day Cool Relax Fit One-Pleat Linen-Like Elas,Mind Bridge,6060,,,bbool_shop,False,関税負担なし,https://www.buyma.com/item/130762357/
130762312,Mind Bridge Comfort Tapered Half-Banding Pants 2 Colors MZPT,Mind Bridge,5160,,,bbool_shop,False,関税負担なし,https://www.buyma.com/item/130762312/
130762300,Mind Bridge Semi-wide Fatigue Pants 3 Colors MZPT3150,Mind Bridge,7180,,,bbool_shop,False,関税負担なし,https://www.buyma.com/item/130762300/
130762086,Mind Bridge ON Linen-like Henley Neck Oversized Short Sleeve,Mind Bridge,5610,,,bbool_shop,False,関税負担なし,https://www.buyma.com/item/130762086/
130762072,Mind Bridge Washable Cable Collar Semi-Oversized Short Sleev,Mind Bridge,10000,,,bbool_shop,False,関税負担なし,https://www.buyma.com/item/130762072/
130762070,Mind Bridge COUTURE Washable Crochet Collar Semi-Oversized S,Mind Bridge,10000,,,bbool_shop,False,関税負担なし,https://www.buyma.com/item/130762070/
130762064,Mind Bridge COUTURE Washable Modern Striped Collared Short S,Mind Bridge,10000,,,bbool_shop,False,関税負担なし,https://www.buyma.com/item/130762064/
130762060,Mind Bridge COUTURE Washable Multi-Stripe Collared Short Sle,Mind Bridge,10000,,,bbool_shop,False,関税負担なし,https://www.buyma.com/item/130762060/
130762049,Mind Bridge ON Crop Round Neck Oversized Daily Knit 3 Colors,Mind Bridge,5610,,,bbool_shop,False,関税負担なし,https://www.buyma.com/item/130762049/
130761959,Mind Bridge Cable Round Short Sleeve Knit 3 Colors MZKT3124,Mind Bridge,4940,,,bbool_shop,False,関税負担なし,https://www.buyma.com/item/130761959/
130761945,Mind Bridge Washable Henley Neck Semi-Oversized Knit 2 Color,Mind Bridge,8810,,,bbool_shop,False,関税負担なし,https://www.buyma.com/item/130761945/
130761926,Mind Bridge COUTURE Lettering Semi-Overfit Beige Short Sleev,Mind Bridge,10000,,,bbool_shop,False,関税負担なし,https://www.buyma.com/item/130761926/
130761905,Mind Bridge Washable Cotton Blend Collared Short Sleeve Knit,Mind Bridge,8420,,,bbool_shop,False,関税負担なし,https://www.buyma.com/item/130761905/
130761883,Mind Bridge COUTURE Modified Collar Short Sleeve Knit 2 Colo,Mind Bridge,5970,,,bbool_shop,False,関税負担なし,https://www.buyma.com/item/130761883/
130761879,Mind Bridge Double excellent collar short-sleeve knit M1KT31,Mind Bridge,11190,,,bbool_shop,False,関税負担なし,https://www.buyma.com/item/130761879/
130761831,Mind Bridge Linen-like Striped Collared Short Sleeve Knit 2,Mind Bridge,7760,,,bbool_shop,False,関税負担なし,https://www.buyma.com/item/130761831/
130761808,Mind Bridge ON Washable Striped Henley Neck Short Sleeve Kni,Mind Bridge,6060,,,bbool_shop,False,関税負担なし,https://www.buyma.com/item/130761808/
130761788,Mind Bridge ON Washable Cotton Blend Collared Short Sleeve K,Mind Bridge,6060,,,bbool_shop,False,関税負担なし,https://www.buyma.com/item/130761788/
130761409,Mind Bridge Do Good Loose Tapered Elastic Waist Slacks 2 col,Mind Bridge,8810,,,bbool_shop,False,関税負担なし,https://www.buyma.com/item/130761409/
130761048,Mind Bridge COUTURE Navy Twill Semi-Oversized Blouson M1JP31,Mind Bridge,19380,,,bbool_shop,False,関税負担なし,https://www.buyma.com/item/130761048/
130761031,Mind Bridge Suede Minimal Zip-Up Blouson 2 Colors M1JP2102,Mind Bridge,21750,,,bbool_shop,False,関税負担なし,https://www.buyma.com/item/130761031/
130760947,Mind Bridge COUTURE Shirt-style Blouson MZJP3174,Mind Bridge,12370,,,bbool_shop,False,関税負担なし,https://www.buyma.com/item/130760947/
130760802,Mind Bridge COUTURE Herringbone Oversized Jacket MZJK7171,Mind Bridge,16270,,,bbool_shop,False,関税負担なし,https://www.buyma.com/item/130760802/
130760766,Mind Bridge COUTURE Wool Boucle Oversized Jacket MZJK7172,Mind Bridge,17590,,,bbool_shop,False,関税負担なし,https://www.buyma.com/item/130760766/
130760116,Mind Bridge COUTURE Striped Round Semi-Oversized Cardigan MZ,Mind Bridge,9010,,,bbool_shop,False,関税負担なし,https://www.buyma.com/item/130760116/
130759960,Mind Bridge COUTURE Twill tissue deformation trucker MZJP217,Mind Bridge,11050,,,bbool_shop,False,関税負担なし,https://www.buyma.com/item/130759960/
130759690,Mind Bridge Sweat Half Pants 2 colors MZHP01A1,Mind Bridge,3820,,,bbool_shop,False,関税負担なし,https://www.buyma.com/item/130759690/
130759683,Mind Bridge All Day Cool Relax Fit One-Pleat Two-Tone Seerse,Mind Bridge,4940,,,bbool_shop,False,関税負担なし,https://www.buyma.com/item/130759683/
130758790,Mind Bridge Nylon messenger bag MXBG0001,Mind Bridge,8420,,,bbool_shop,False,関税負担なし,https://www.buyma.com/item/130758790/
130758544,Mind Bridge Leather tote bag MXBG0003,Mind Bridge,11050,,,bbool_shop,False,関税負担なし,https://www.buyma.com/item/130758544/
130758523,Mind Bridge UNS Laptop-Storage Ivory Contrast Canvas Tote Ba,Mind Bridge,10000,,,bbool_shop,False,関税負担なし,https://www.buyma.com/item/130758523/
130758359,Mind Bridge High-neck lightweight semi-oversized windbreaker,Mind Bridge,6620,,,bbool_shop,False,関税負担なし,https://www.buyma.com/item/130758359/
130758246,Mind Bridge COUTURE Brown Leather Trucker M1JP2175,Mind Bridge,26490,,,bbool_shop,False,関税負担なし,https://www.buyma.com/item/130758246/
130758236,Mind Bridge COUTURE Leather Half Blouson MZJP6173,Mind Bridge,20200,,,bbool_shop,False,関税負担なし,https://www.buyma.com/item/130758236/
126338794,MINDBRIDGE ■ Fox Fur Detachable Hood Long Duck Down Jacket,Mind Bridge,31500,,,Harubi,False,関税負担なし,https://www.buyma.com/item/126338794/
121432859,【MINDBRIDGE】レザー ホボ クロスバッグ,Mind Bridge,10000,,,Tebah,False,関税負担なし,https://www.buyma.com/item/121432859/
134040167,100%牛革 ブラック&ブラウンの両面ベルト,Mind Bridge,6063,,,glo'co,False,関税負担なし,https://www.buyma.com/item/134040167/
133669435,Mind Bridge | Waffle Henley Neck Daily Short Sleeve T-shirt,Mind Bridge,4939,,,Nunssop39.,False,関税負担なし,https://www.buyma.com/item/133669435/
132902998,Mind Bridge | Washable cable collar short-sleeved knitwear 2,Mind Bridge,7000,,,Nunssop39.,False,関税負担なし,https://www.buyma.com/item/132902998/
130764877,Mind Bridge Linen-like Semi-Oversized Shirt 3 Colors M1WS312,Mind Bridge,7180,,,bbool_shop,False,関税負担なし,https://www.buyma.com/item/130764877/
130764870,Mind Bridge COUTURE Linen blend seersucker glen check shirt-,Mind Bridge,12270,,,bbool_shop,False,関税負担なし,https://www.buyma.com/item/130764870/
130764861,Mind Bridge Denim Oversized Daily Shirt 3 Colors M1WS0151,Mind Bridge,7890,,,bbool_shop,False,関税負担なし,https://www.buyma.com/item/130764861/
130764844,Mind Bridge All Day Denim Oversized Shirt 3 Colors MZWS0151,Mind Bridge,7180,,,bbool_shop,False,関税負担なし,https://www.buyma.com/item/130764844/
130764840,Mind Bridge Air Cool Mesh Pullover Semi-Overfit Short Sleeve,Mind Bridge,7630,,,bbool_shop,False,関税負担なし,https://www.buyma.com/item/130764840/
130764831,Mind Bridge COUTURE Crinkle Stripe Oversized Shirt 2 colors,Mind Bridge,8950,,,bbool_shop,False,関税負担なし,https://www.buyma.com/item/130764831/
130764807,Mind Bridge Crochet check oversized shirt MZWS5101,Mind Bridge,7180,,,bbool_shop,False,関税負担なし,https://www.buyma.com/item/130764807/
130764795,Mind Bridge Cool Cotton Oversized Short Sleeve Shirt M1WS313,Mind Bridge,10000,,,bbool_shop,False,関税負担なし,https://www.buyma.com/item/130764795/
130764767,Mind Bridge COUTURE Striped Oversized Daily Shirt 2 Colors M,Mind Bridge,7310,,,bbool_shop,False,関税負担なし,https://www.buyma.com/item/130764767/
130764759,Mind Bridge Checked oversized dark gray shirt MZWS5150,Mind Bridge,5950,,,bbool_shop,False,関税負担なし,https://www.buyma.com/item/130764759/
130764741,Mind Bridge Washed denim shirt jacket MZWS2152,Mind Bridge,7180,,,bbool_shop,False,関税負担なし,https://www.buyma.com/item/130764741/
130764725,Mind Bridge All Day Oxford Semi-Overfit Shirt 4 Colors MZWS6,Mind Bridge,5340,,,bbool_shop,False,関税負担なし,https://www.buyma.com/item/130764725/
130764710,Mind Bridge ON Stripe Cream Oversized Long Sleeve Shirt M1WS,Mind Bridge,6620,,,bbool_shop,False,関税負担なし,https://www.buyma.com/item/130764710/
130764701,Mind Bridge All Day Supima Oversized Shirt 3 Colors MZWS0101,Mind Bridge,6060,,,bbool_shop,False,関税負担なし,https://www.buyma.com/item/130764701/
130764690,Mind Bridge Washed Light Indigo Denim Outerwear Shirt M1WS21,Mind Bridge,11190,,,bbool_shop,False,関税負担なし,https://www.buyma.com/item/130764690/
130764680,Mind Bridge COUTURE Ombre Check Oversized Shirt 2 colors MZW,Mind Bridge,3820,,,bbool_shop,False,関税負担なし,https://www.buyma.com/item/130764680/
